Date	Branch	p	max	min	avg	
29/10/2015	Sagara	Idi	29129	27889	28000	
29/10/2015	Sagara	20719	20719	18699	19000	
29/10/2015	Sagara	Gotu	12889	11999	12000	
29/10/2015	Sagara	24719	24719	20009	22500	
29/10/2015	Sagara	59889	59889	59889	59889	
02/11/2015	Sagara	Idi	28699	27099	27800	
02/11/2015	Sagara	24199	24199	22649	23300	
02/11/2015	Sagara	21899	21899	19019	20400	
02/11/2015	Sagara	25199	25199	23209	24100	
02/11/2015	Sagara	Gotu	13109	10569	11800	
16/11/2015	Sagara	Idi	29319	27119	28200	
16/11/2015	Sagara	23629	23629	19699	21600	
16/11/2015	Sagara	25009	25009	24500	24700	
16/11/2015	Sagara	Gotu	12919	12129	12500	
23/11/2015	Sagara	Idi	29139	27310	28000	
23/11/2015	Sagara	22869	22869	17279	19000	
23/11/2015	Sagara	25400	25400	22600	23500	
23/11/2015	Sagara	Gotu	13269	11200	12900	
23/11/2015	Sagara	61911	61911	61911	61911	
26/11/2015	Sagara	Idi	29109	27099	28050	
26/11/2015	Sagara	21899	21899	19899	20899	
26/11/2015	Sagara	25428	25428	22109	23700	
26/11/2015	Sagara	Gotu	13179	12789	12900	
30/11/2015	Sagara	Idi	28809	27300	28000	
30/11/2015	Sagara	23169	23169	21569	22300	
30/11/2015	Sagara	25526	25526	22409	23900	
30/11/2015	Sagara	Gotu	13149	13059	13100	
03/12/2015	Sagara	Idi	28419	27500	27900	
03/12/2015	Sagara	23699	23699	20199	21800	
03/12/2015	Sagara	25478	25478	22870	24100	
03/12/2015	Sagara	Gotu	13419	12609	13000	
07/12/2015	Sagara	Idi	28319	26830	27500	
07/12/2015	Sagara	23919	23919	21099	22500	
07/12/2015	Sagara	25380	25380	22569	23900	
07/12/2015	Sagara	Gotu	13419	11069	12200	
14/12/2015	Sagara	Idi	28049	26499	27200	
14/12/2015	Sagara	21399	21399	21010	21200	
14/12/2015	Sagara	25110	25110	24229	24600	
14/12/2015	Sagara	Gotu	11509	10889	11100	
17/12/2015	Sagara	Idi	27230	25769	26400	
17/12/2015	Sagara	21899	18699	20200		
17/12/2015	Sagara	24910	23610	24200		
17/12/2015	Sagara	Gotu	13059	12349	12600	
21/12/2015	Sagara	Idi	27199	26070	26500	
21/12/2015	Sagara	21569	19899	20600		
21/12/2015	Sagara	24710	23029	23800		
21/12/2015	Sagara	Gotu	12809	11069	11900	
28/12/2015	Sagara	Idi	28399	27210	27700	
28/12/2015	Sagara	Rashi	Idi	27630	27189	27300
28/12/2015	Sagara	21504	19069	20200		
28/12/2015	Sagara	24509	21569	23000		
28/12/2015	Sagara	Gotu	12699	9569	11000	
31/12/2015	Sagara	Rashi	Idi	28759	27659	28100
31/12/2015	Sagara	Rashi	Idi	28459	27460	27900
31/12/2015	Sagara	21899	20819	21300		
31/12/2015	Sagara	24810	22159	23400		
31/12/2015	Sagara	Gotu	10629	9759	10100	
04/01/2016	Sagara	Rashi	Idi	28669	27699	28100
04/01/2016	Sagara	Rashi	Idi	28819	27159	27900
04/01/2016	Sagara	24129	21359	22700		
04/01/2016	Sagara	25020	22499	23700		
04/01/2016	Sagara	Gotu	12789	9069	10800	
07/01/2016	Sagara	Rashi	Idi	27869	26869	27300
07/01/2016	Sagara	Rashi	Idi	27610	26409	27000
07/01/2016	Sagara	21901	19085	20400		
07/01/2016	Sagara	25080	22110	23500		
07/01/2016	Sagara	Gotu	12809	9569	11100	
11/01/2016	Sagara	Rashi	Idi	28370	27379	27800
11/01/2016	Sagara	Rashi	Idi	28170	27069	27500
11/01/2016	Sagara	22699	19899	21200		
11/01/2016	Sagara	26509	21669	24000		
11/01/2016	Sagara	Gotu	13095	9129	11100	
14/01/2016	Sagara	Rashi	Idi	28829	27439	28100
14/01/2016	Sagara	Rashi	Idi	28819	28109	28400
14/01/2016	Sagara	22770	18029	20300		
14/01/2016	Sagara	26380	21489	23800		
14/01/2016	Sagara	Gotu	13149	9569	11300	
14/01/2016	Sagara	Rashi	Idi	28829	27439	28100
14/01/2016	Sagara	Rashi	Idi	28819	28109	28400
14/01/2016	Sagara	22770	18029	20300		
14/01/2016	Sagara	26380	21489	23800		
14/01/2016	Sagara	Gotu	13149	9569	11300	
21/01/2016	Sagara	Idi	28730	26199	27400	
21/01/2016	Sagara	23599	21089	22200		
21/01/2016	Sagara	26608	20919	23700		
21/01/2016	Sagara	Gotu	11655	9269	10400	
25/01/2016	Sagara	Idi	28610	27009	27800	
25/01/2016	Sagara	22729	21069	21800		
25/01/2016	Sagara	25898	21599	23600		
25/01/2016	Sagara	Gotu	11689	9289	10400	
28/01/2016	Sagara	Idi	28409	26710	27500	
28/01/2016	Sagara	22889	18786	20700		
28/01/2016	Sagara	25508	21109	23300		
28/01/2016	Sagara	Gotu	13055	8289	10600	
01/02/2016	Sagara	Idi	28409	27399	27800	
01/02/2016	Sagara	22619	17599	20000		
01/02/2016	Sagara	24180	20829	22400		
01/02/2016	Sagara	Gotu	12429	8269	10300	
04/02/2016	Sagara	Idi	28310	26009	27100	
04/02/2016	Sagara	22509	17569	20000		
04/02/2016	Sagara	22599	21372	21900		
04/02/2016	Sagara	Gotu	10129	8369	9200	
08/02/2016	Sagara	Idi	27359	26010	26600	
08/02/2016	Sagara	21119	17069	19000		
08/02/2016	Sagara	22699	20019	21300		
08/02/2016	Sagara	Gotu	10765	8369	9500	
11/02/2016	Sagara	Idi	27199	26119	26600	
11/02/2016	Sagara	20699	17559	19000		
11/02/2016	Sagara	23009	20109	21500		
11/02/2016	Sagara	Gotu	10309	8869	9500	
15/02/2016	Sagara	Idi	27410	26299	27009	
15/02/2016	Sagara	26009	22489	24509		
15/02/2016	Sagara	20369	17099	19009		
15/02/2016	Sagara	22228	20499	21200		
15/02/2016	Sagara	Gotu	10449	8619	9809	
18/02/2016	Sagara	Idi	27779	26009	26800	
18/02/2016	Sagara	20689	16089	18300		
18/02/2016	Sagara	22309	20829	21500		
18/02/2016	Sagara	Gotu	10509	9069	9700	
18/02/2016	Sagara	52069	52069	52069		
22/02/2016	Sagara	Idi	27900	27019	27409	
22/02/2016	Sagara	24589	24589	24589		
22/02/2016	Sagara	20509	15659	18659		
22/02/2016	Sagara	22510	20019	21509		
22/02/2016	Sagara	Gotu	10509	9009	10009	
22/02/2016	Sagara	Idi	27900	27019	27450	
22/02/2016	Sagara	24589	24589	24589		
22/02/2016	Sagara	20509	15659	18000		
22/02/2016	Sagara	22510	20019	21200		
22/02/2016	Sagara	Gotu	10509	9009	9700	
25/02/2016	Sagara	Idi	27859	25699	26700	
25/02/2016	Sagara	20509	13339	16900		
25/02/2016	Sagara	22290	20699	21400		
25/02/2016	Sagara	Gotu	10469	8009	9200	
25/02/2016	Sagara	54032	54032	54032		
29/02/2016	Sagara	Idi	28119	27269	27600	
29/02/2016	Sagara	20899	17699	19200		
29/02/2016	Sagara	22300	20380	21300		
29/02/2016	Sagara	Gotu	10309	8829	9500	
03/03/2016	Sagara	Idi	28109	26009	27009	
03/03/2016	Sagara	24089	18299	22509		
03/03/2016	Sagara	20509	14569	18509		
03/03/2016	Sagara	21590	20310	20809		
03/03/2016	Sagara	Gotu	10509	8509	9509	
10/03/2016	Sagara	Idi	27200	24499	25800	
10/03/2016	Sagara	19899	12619	16200		
10/03/2016	Sagara	21669	19001	20300		
10/03/2016	Sagara	Gotu	9599	7689	8500	
14/03/2016	Sagara	Idi	27009	19339	23100	
14/03/2016	Sagara	17189	13389	15200		
14/03/2016	Sagara	20589	18009	19200		
14/03/2016	Sagara	Gotu	9469	8399	8800	
17/03/2016	Sagara	Idi	26309	22899	24500	
17/03/2016	Sagara	18189	13599	15800		
17/03/2016	Sagara	18689	14525	16500		
17/03/2016	Sagara	Gotu	9269	8169	8600	
21/03/2016	Sagara	Idi	26239	23309	24700	
21/03/2016	Sagara	17699	14619	16100		
21/03/2016	Sagara	19703	17099	18300		
21/03/2016	Sagara	Gotu	9549	8681	9000	
21/04/2016	Sagara	Idi	26500	23209	25000	
21/04/2016	Sagara	18899	16809	17509		
21/04/2016	Sagara	19199	17299	18209		
21/04/2016	Sagara	Gotu	9509	7899	8509	
25/04/2016	Sagara	Idi	26310	23510	24900	
25/04/2016	Sagara	17699	16409	17000		
25/04/2016	Sagara	19180	17389	18200		
25/04/2016	Sagara	Gotu	9889	7129	8400	
02/05/2016	Sagara	Idi	25799	22310	24000	
02/05/2016	Sagara	19399	12159	15700		
02/05/2016	Sagara	19420	17310	18300		
02/05/2016	Sagara	Gotu	9369	8400	8800	
02/05/2016	Sagara	59784	59784	59784		
05/05/2016	Sagara	Idi	25539	23339	24509	
05/05/2016	Sagara	16699	11009	14509		
05/05/2016	Sagara	19380	17409	18209		
05/05/2016	Sagara	Gotu	9429	7869	8409	
12/05/2016	Sagara	Idi	25610	19509	22500	
12/05/2016	Sagara	17319	13289	15200		
12/05/2016	Sagara	19110	17419	18200		
12/05/2016	Sagara	Gotu	9689	7429	8500	
16/05/2016	Sagara	Idi	25699	23699	24600	
16/05/2016	Sagara	17399	15619	16400		
16/05/2016	Sagara	19390	17409	18300		
16/05/2016	Sagara	Gotu	9189	8363	8700	
16/05/2016	Sagara	58689	58029	58300		
19/05/2016	Sagara	Idi	25310	19510	22400	
19/05/2016	Sagara	17399	15285	16200		
19/05/2016	Sagara	18710	17250	17900		
19/05/2016	Sagara	Gotu	9693	7641	8600	
19/05/2016	Sagara	59319	59319	59300		
23/05/2016	Sagara	Idi	24710	22429	23500	
23/05/2016	Sagara	16419	10369	13300		
23/05/2016	Sagara	18720	16209	17400		
23/05/2016	Sagara	Gotu	9685	6399	7900	
26/05/2016	Sagara	Idi	24650	22685	23600	
26/05/2016	Sagara	16379	12869	14500		
26/05/2016	Sagara	18658	17230	17900		
26/05/2016	Sagara	Gotu	8289	7069	7600	
30/05/2016	Sagara	Idi	25169	22229	23600	
30/05/2016	Sagara	17885	12099	14900		
30/05/2016	Sagara	18809	17399	18000		
30/05/2016	Sagara	Gotu	9299	7299	8200	
02/06/2016	Sagara	Idi	24910	22169	23500	
02/06/2016	Sagara	15219	11569	13300		
02/06/2016	Sagara	18950	17299	18000		
02/06/2016	Sagara	Gotu	9283	7829	8500	
09/06/2016	Sagara	Idi	22409	20009	21200	
09/06/2016	Sagara	14699	13089	13800		
09/06/2016	Sagara	18510	16310	17400		
09/06/2016	Sagara	Gotu	9017	7487	8200	
13/06/2016	Sagara	Idi	22710	20570	21600	
13/06/2016	Sagara	13699	10169	11800		
13/06/2016	Sagara	18000	15289	16600		
13/06/2016	Sagara	Gotu	9189	7169	8100	
16/06/2016	Sagara	Idi	22720	20899	21700	
16/06/2016	Sagara	13699	11019	12300		
16/06/2016	Sagara	17809	15509	16600		
16/06/2016	Sagara	Gotu	8289	7007	7600	
23/06/2016	Sagara	Idi	23410	21370	22300	
23/06/2016	Sagara	15509	12369	13900		
23/06/2016	Sagara	18180	14889	16400		
23/06/2016	Sagara	Gotu	9209	7199	8100	
23/06/2016	Sagara	60611	60611	60611		
30/06/2016	Sagara	Idi	24020	20610	22300	
30/06/2016	Sagara	18800	17600	18200		
30/06/2016	Sagara	16169	13009	14500		
30/06/2016	Sagara	Gotu	9699	7699	8699	
04/07/2016	Sagara	Idi	24549	22670	23500	
04/07/2016	Sagara	16899	14559	15600		
04/07/2016	Sagara	19289	16229	17700		
04/07/2016	Sagara	Gotu	9717	9299	9400	
14/07/2016	Sagara	Idi	24570	22409	23400	
14/07/2016	Sagara	18569	13219	15800		
14/07/2016	Sagara	19330	16599	17900		
14/07/2016	Sagara	Gotu	10229	8649	9400	
18/07/2016	Sagara	Idi	24898	21569	23100	
18/07/2016	Sagara	17570	14559	16000		
18/07/2016	Sagara	18558	17410	17900		
18/07/2016	Sagara	Gotu	10283	9369	9750	
18/07/2016	Sagara	59789	59789	59789		
21/07/2016	Sagara	Idi	25269	23259	24200	
21/07/2016	Sagara	16299	13179	14600		
21/07/2016	Sagara	18429	16899	17600		
21/07/2016	Sagara	Gotu	10199	9355	9800	
25/07/2016	Sagara	Idi	26059	25169	25500	
25/07/2016	Sagara	18719	15285	16900		
25/07/2016	Sagara	18469	17199	17700		
25/07/2016	Sagara	Gotu	10069	9119	9500	
28/07/2016	Sagara	Idi	25759	24010	24800	
28/07/2016	Sagara	16689	15099	15800		
28/07/2016	Sagara	18329	17699	17900		
28/07/2016	Sagara	Gotu	10289	8869	9500	
01/08/2016	Sagara	Idi	25259	24339	24700	
01/08/2016	Sagara	17699	15089	16300		
01/08/2016	Sagara	18508	17259	16300		
01/08/2016	Sagara	Gotu	10299	9639	9900	
01/08/2016	Sagara	59689	59689	59689		
04/08/2016	Sagara	Idi	25219	22610	23900	
04/08/2016	Sagara	17385	13885	15500		
04/08/2016	Sagara	18400	17599	17900		
04/08/2016	Sagara	Gotu	10089	8569	9200	
08/08/2016	Sagara	Idi	25460	23570	24400	
08/08/2016	Sagara	16569	13098	14700		
08/08/2016	Sagara	18640	17299	17900		
08/08/2016	Sagara	Gotu	10099	9459	9700	
11/08/2016	Sagara	Idi	25610	23810	24700	
11/08/2016	Sagara	17899	14299	16000		
11/08/2016	Sagara	19058	17489	18200		
11/08/2016	Sagara	Gotu	10189	9399	9700	
16/08/2016	Sagara	Idi	25670	24299	24900	
16/08/2016	Sagara	17219	10519	13800		
16/08/2016	Sagara	18839	17400	18100		
16/08/2016	Sagara	Gotu	9869	8569	9150	
22/08/2016	Sagara	Idi	26280	25370	25700	
22/08/2016	Sagara	18285	11089	14600		
22/08/2016	Sagara	19488	17209	18300		
22/08/2016	Sagara	Gotu	10369	9389	9800	
25/08/2016	Sagara	Idi	26570	24670	25500	
25/08/2016	Sagara	18499	15116	16700		
25/08/2016	Sagara	19560	18299	18800		
25/08/2016	Sagara	Gotu	10609	9399	9900	
29/08/2016	Sagara	Idi	26529	25010	25700	
29/08/2016	Sagara	17685	15185	16300		
29/08/2016	Sagara	19988	18510	19200		
29/08/2016	Sagara	Gotu	10429	9069	9700	
01/09/2016	Sagara	Idi	26030	23110	24500	
01/09/2016	Sagara	16899	15185	15900		
01/09/2016	Sagara	19910	18699	19200		
01/09/2016	Sagara	Gotu	10389	9189	9700	
01/09/2016	Sagara	60289	60289	60289		
08/09/2016	Sagara	Idi	25970	22770	24300	
08/09/2016	Sagara	19385	12899	16000		
08/09/2016	Sagara	19860	18129	18900		
08/09/2016	Sagara	Gotu	9909	9599	9700	
12/09/2016	Sagara	Idi	26399	23669	24900	
12/09/2016	Sagara	19559	14069	16700		
12/09/2016	Sagara	19860	17209	18500		
12/09/2016	Sagara	Gotu	10269	9089	9600	
22/09/2016	Sagara	Idi	26229	23410	24800	
22/09/2016	Sagara	18699	16919	17700		
22/09/2016	Sagara	19818	18259	19000		
22/09/2016	Sagara	Gotu	10389	9069	9650	
06/10/2016	Sagara	Idi	26999	25009	25900	
06/10/2016	Sagara	19685	17319	18400		
06/10/2016	Sagara	19160	17700	18400		
06/10/2016	Sagara	Gotu	10200	9200	9700	
13/10/2016	Sagara	Idi	27589	25589	26500	
13/10/2016	Sagara	17699	16201	16900		
13/10/2016	Sagara	19690	17499	18500		
13/10/2016	Sagara	Gotu	10269	9090	9600	
17/10/2016	Sagara	Idi	29459	27519	28400	
17/10/2016	Sagara	20470	18869	19600		
17/10/2016	Sagara	19890	19310	19500		
17/10/2016	Sagara	Gotu	10369	9189	9700	
27/10/2016	Sagara	Idi	28219	26500	27300	
27/10/2016	Sagara	19500	15009	17200		
27/10/2016	Sagara	18699	9599	14000		
27/10/2016	Sagara	Gotu	10269	9590	9800	
24/10/2016	Sagara	Idi	28309	26410	27300	
24/10/2016	Sagara	21009	16859	18900		
24/10/2016	Sagara	19900	18299	19000		
24/10/2016	Sagara	Gotu	10469	9279	9800	
03/11/2016	Sagara	Idi	28329	24170	26200	
03/11/2016	Sagara	18799	17589	18100		
03/11/2016	Sagara	19410	17169	18200		
03/11/2016	Sagara	Gotu	10399	9369	9800	
07/11/2016	Sagara	Idi	28889	27509	28150	
07/11/2016	Sagara	18699	16669	17699		
07/11/2016	Sagara	19460	18810	19100		
07/11/2016	Sagara	Gotu	10269	7007	8600	
21/11/2016	Sagara	Idi	28699	27339	27900	
21/11/2016	Sagara	18379	14159	16200		
21/11/2016	Sagara	19060	18010	18500		
21/11/2016	Sagara	Gotu	10009	7799	8800	
21/11/2016	Sagara	46589	44589	45589		
24/11/2016	Sagara	Idi	28099	25199	26500	
24/11/2016	Sagara	19499	18099	18700		
24/11/2016	Sagara	17699	12569	15000		
24/11/2016	Sagara	19090	17409	18200		
24/11/2016	Sagara	Gotu	9999	7219	8500	
28/11/2016	Sagara	Rashi	Idi	26808	26259	26500
28/11/2016	Sagara	Idi	27060	25449	26200	
28/11/2016	Sagara	20199	17899	18900		
28/11/2016	Sagara	18810	18210	18500		
28/11/2016	Sagara	Gotu	9889	7269	8500	
01/12/2016	Sagara	Idi	26500	24529	25500	
01/12/2016	Sagara	17901	14329	16100		
01/12/2016	Sagara	Rashi	Idi	26089	25299	25600
01/12/2016	Sagara	18490	17000	17700		
01/12/2016	Sagara	Gotu	9789	6109	7900	
01/12/2016	Sagara	50289	50289	50289		
05/12/2016	Sagara	Idi	26819	23869	25300	
05/12/2016	Sagara	Rashi	Idi	26729	25099	25800
05/12/2016	Sagara	17109	14159	15600		
05/12/2016	Sagara	18560	15289	16800		
05/12/2016	Sagara	Gotu	9009	4282	6600	
05/12/2016	Sagara	51699	51699	51699		
08/12/2016	Sagara	Idi	26729	24101	25400	
08/12/2016	Sagara	Rashi	Idi	26510	23089	24700
08/12/2016	Sagara	15399	13869	14500		
08/12/2016	Sagara	18560	16789	17600		
08/12/2016	Sagara	Gotu	9499	7099	8200	
08/12/2016	Sagara	47569	47569	47569		
12/12/2016	Sagara	Idi	27059	25599	26200	
12/12/2016	Sagara	14559	13679	14000		
12/12/2016	Sagara	18510	17299	17800		
12/12/2016	Sagara	Gotu	7559	6629	7000	
15/12/2016	Sagara	Idi	27159	24185	25600	
15/12/2016	Sagara	18299	13899	16000		
15/12/2016	Sagara	19080	16559	17700		
15/12/2016	Sagara	Gotu	9819	7299	8500	
22/12/2016	Sagara	Idi	27370	22099	24600	
22/12/2016	Sagara	18569	12129	15300		
22/12/2016	Sagara	19499	14685	17000		
22/12/2016	Sagara	Gotu	9839	7589	8650	
26/12/2016	Sagara	Idi	26921	24121	25500	
26/12/2016	Sagara	Rashi	Idi	27101	24521	25800
26/12/2016	Sagara	16785	14129	15400		
26/12/2016	Sagara	18909	17299	18000		
26/12/2016	Sagara	Gotu	9699	7689	8600	
29/12/2016	Sagara	Rashi	Idi	26270	22099	25300
29/12/2016	Sagara	Rashi	Idi	26329	24499	25500
29/12/2016	Sagara	16059	10599	14500		
29/12/2016	Sagara	19219	17719	18500		
29/12/2016	Sagara	Gotu	9299	7485	8500	
02/01/2017	Sagara	Idi	26410	24370	25300	
02/01/2017	Sagara	17699	15189	16300		
02/01/2017	Sagara	19409	15509	17400		
02/01/2017	Sagara	Gotu	9799	7659	8650	
05/01/2017	Sagara	Idi	26569	25109	25800	
05/01/2017	Sagara	Rashi	Idi	26569	25109	25800
05/01/2017	Sagara	17219	15699	16400		
05/01/2017	Sagara	19780	17209	18400		
05/01/2017	Sagara	Gotu	9819	7399	8500	
09/01/2017	Sagara	Idi	26770	25009	25800	
09/01/2017	Sagara	Rashi	Idi	26739	25359	26000
09/01/2017	Sagara	18110	15689	16800		
09/01/2017	Sagara	19670	17449	18500		
09/01/2017	Sagara	Gotu	9929	7169	8500	
09/01/2017	Sagara	53029	53029	53029		
12/01/2017	Sagara	Idi	26889	24009	25400	
12/01/2017	Sagara	Rashi	Idi	27199	26569	26800
12/01/2017	Sagara	21010	16319	18600		
12/01/2017	Sagara	19660	18370	18900		
12/01/2017	Sagara	Gotu	10089	7779	8800	
16/01/2017	Sagara	Idi	26879	24610	25700	
16/01/2017	Sagara	Rashi	Idi	27210	25321	26200
16/01/2017	Sagara	19510	14559	17000		
16/01/2017	Sagara	19759	18469	19000		
16/01/2017	Sagara	Gotu	9999	7559	8700	
19/01/2017	Sagara	Idi	26870	23610	25200	
19/01/2017	Sagara	19899	13786	16700		
19/01/2017	Sagara	20020	19360	19600		
19/01/2017	Sagara	Gotu	10219	7629	8900	
23/01/2017	Sagara	Idi	26510	24199	25300	
23/01/2017	Sagara	16569	14589	15500		
23/01/2017	Sagara	19870	18700	19200		
23/01/2017	Sagara	Gotu	10254	8279	9200	
30/01/2017	Sagara	Idi	26559	25009	25700	
30/01/2017	Sagara	16299	14219	15200		
30/01/2017	Sagara	20339	17809	19000		
30/01/2017	Sagara	Gotu	10499	7369	8850	
02/02/2017	Sagara	Idi	26620	25809	26200	
02/02/2017	Sagara	15699	14699	15100		
02/02/2017	Sagara	20820	19369	20000		
02/02/2017	Sagara	Gotu	9889	7685	8300	
06/02/2017	Sagara	Idi	26899	24009	25400	
06/02/2017	Sagara	16899	13569	15100		
06/02/2017	Sagara	20809	18409	19600		
06/02/2017	Sagara	Gotu	10179	7119	8600	
09/02/2017	Sagara	Idi	27199	25199	26199	
09/02/2017	Sagara	16829	14799	15809		
09/02/2017	Sagara	20820	18910	19809		
09/02/2017	Sagara	Gotu	9289	7795	8409	
13/02/2017	Sagara	Idi	27199	25899	26409	
13/02/2017	Sagara	17185	15919	16400		
13/02/2017	Sagara	20669	18760	19809		
13/02/2017	Sagara	Gotu	10299	8199	9509	
16/02/2017	Sagara	Idi	27299	24599	25800	
16/02/2017	Sagara	17569	13069	15200		
16/02/2017	Sagara	20429	18669	19500		
16/02/2017	Sagara	Gotu	9909	7496	8650	
20/02/2017	Sagara	Idi	28019	26599	27200	
20/02/2017	Sagara	16919	14159	15500		
20/02/2017	Sagara	19689	18610	19100		
20/02/2017	Sagara	Gotu	9819	6087	7900	
23/02/2017	Sagara	Idi	28466	27366	27800	
23/02/2017	Sagara	17699	14699	16100		
23/02/2017	Sagara	20221	17599	18800		
23/02/2017	Sagara	Gotu	9639	7169	8350	
23/02/2017	Sagara	50001	50001	50001		
27/02/2017	Sagara	Idi	29069	27099	28000	
27/02/2017	Sagara	17699	12389	14900		
27/02/2017	Sagara	20361	18209	19200		
27/02/2017	Sagara	Gotu	9189	8299	8700	
02/03/2017	Sagara	Idi	29509	27799	28600	
02/03/2017	Sagara	16129	13699	14800		
02/03/2017	Sagara	19769	18199	18900		
02/03/2017	Sagara	Gotu	9639	8199	8800	
02/03/2017	Sagara	49089	49089	49089		
06/03/2017	Sagara	Idi	31799	28310	30000	
06/03/2017	Sagara	20219	18599	19300		
06/03/2017	Sagara	Gotu	9199	6583	7900	
11/05/2017	Sagara	20799	18109	19500		
09/03/2017	Sagara	Idi	34560	33009	33700	
09/03/2017	Sagara	18689	15229	16900		
09/03/2017	Sagara	21021	19860	20400		
09/03/2017	Sagara	Gotu	10279	9069	9600	
13/03/2017	Sagara	Idi	33710	29910	31800	
13/03/2017	Sagara	19209	13569	16300		
13/03/2017	Sagara	21510	18069	19700		
13/03/2017	Sagara	Gotu	10189	8499	9200	
16/03/2017	Sagara	Idi	34499	32899	33600	
16/03/2017	Sagara	18489	11699	15000		
16/03/2017	Sagara	21280	19899	20500		
16/03/2017	Sagara	Gotu	10189	9017	9550	
20/03/2017	Sagara	Idi	39299	36189	37600	
20/03/2017	Sagara	21109	15789	18400		
20/03/2017	Sagara	21960	20080	20900		
20/03/2017	Sagara	Gotu	10899	9599	10100	
23/03/2017	Sagara	Idi	41570	39639	40500	
23/03/2017	Sagara	21389	19689	20400		
23/03/2017	Sagara	22099	19969	20900		
23/03/2017	Sagara	Gotu	11219	11129	11180	
11/05/2017	Sagara	22469	18299	20200		
11/05/2017	Sagara	Idi	42009	30899	36400	
10/04/2017	Sagara	Idi	50799	48889	49700	
10/04/2017	Sagara	23699	18319	20900		
10/04/2017	Sagara	25519	24109	24800		
10/04/2017	Sagara	Gotu	12559	12099	12200	
10/04/2017	Sagara	50689	50689	50689		
13/04/2017	Sagara	Idi	43010	30110	36500	
13/04/2017	Sagara	18109	13899	15900		
13/04/2017	Sagara	24060	20809	22400		
13/04/2017	Sagara	Gotu	12129	11496	11700	
13/04/2017	Sagara	50589	50000	50289		
17/04/2017	Sagara	Idi	41559	30899	31600	
17/04/2017	Sagara	21669	16699	19100		
17/04/2017	Sagara	23760	21299	22400		
17/04/2017	Sagara	Gotu	11899	11169	11400	
20/04/2017	Sagara	Idi	43669	39119	41300	
20/04/2017	Sagara	23899	14196	18900		
20/04/2017	Sagara	23610	20729	22100		
20/04/2017	Sagara	Gotu	12259	11600	11900	
20/04/2017	Sagara	49110	48170	48600		
24/04/2017	Sagara	Idi	45509	28999	40000	
24/04/2017	Sagara	20159	14299	16000		
24/04/2017	Sagara	23850	20809	22000		
24/04/2017	Sagara	Gotu	12069	11199	11500	
27/04/2017	Sagara	Idi	47359	37770	42500	
27/04/2017	Sagara	25499	19689	22500		
27/04/2017	Sagara	23820	21110	22400		
27/04/2017	Sagara	Gotu	12359	11359	11800	
27/04/2017	Sagara	47610	46110	46800		
04/05/2017	Sagara	Idi	43339	29510	36400	
04/05/2017	Sagara	23609	17609	20600		
04/05/2017	Sagara	22109	20199	21000		
04/05/2017	Sagara	Gotu	11619	9999	10700	
08/05/2017	Sagara	Idi	39009	30110	34500	
08/05/2017	Sagara	21696	17669	19600		
08/05/2017	Sagara	20609	18889	19700		
08/05/2017	Sagara	Gotu	10719	9099	9800	
11/05/2017	Sagara	Gotu	10699	9207	9900	
18/05/2017	Sagara	Idi	42499	38749	40000	
18/05/2017	Sagara	22199	15199	18509		
18/05/2017	Sagara	21500	19299	20509		
18/05/2017	Sagara	Gotu	10986	9729	10209	
22/05/2017	Sagara	Idi	41899	30589	36100	
22/05/2017	Sagara	23479	15369	19300		
22/05/2017	Sagara	20909	19809	20300		
22/05/2017	Sagara	Gotu	10809	10539	10700	
25/05/2017	Sagara	Idi	40589	30599	35590	
25/05/2017	Sagara	19819	14129	16900		
25/05/2017	Sagara	20469	18599	19500		
25/05/2017	Sagara	Gotu	10889	9459	10100	
25/05/2017	Sagara	43189	43189	43189		
29/05/2017	Sagara	Idi	39199	32310	35700	
29/05/2017	Sagara	19069	17119	18000		
29/05/2017	Sagara	19789	17409	18500		
29/05/2017	Sagara	Gotu	10287	9475	9800	
01/06/2017	Sagara	Idi	37210	32099	34600	
01/06/2017	Sagara	18159	16119	17100		
01/06/2017	Sagara	19529	18009	18700		
01/06/2017	Sagara	Gotu	10599	8425	9400	
05/06/2017	Sagara	Idi	35750	33899	34700	
05/06/2017	Sagara	18196	17089	17500		
05/06/2017	Sagara	20280	18409	19300		
05/06/2017	Sagara	Gotu	10399	9807	10000	
08/06/2017	Sagara	Idi	36899	33299	35000	
08/06/2017	Sagara	18699	16199	17300		
08/06/2017	Sagara	20280	18099	19100		
08/06/2017	Sagara	Gotu	10269	9190	9600	
12/06/2017	Sagara	Idi	37610	33699	35600	
12/06/2017	Sagara	20209	17119	18600		
12/06/2017	Sagara	20260	18560	19300		
12/06/2017	Sagara	Gotu	10399	9299	9700	
15/06/2017	Sagara	Idi	38299	36199	37209	
15/06/2017	Sagara	19419	16099	18009		
15/06/2017	Sagara	20280	18789	19509		
15/06/2017	Sagara	Gotu	10589	9287	9909	
19/06/2017	Sagara	Idi	40829	39499	40100	
19/06/2017	Sagara	21899	17879	19800		
19/06/2017	Sagara	19889	18550	19100		
19/06/2017	Sagara	Gotu	10389	9489	9800	
19/06/2017	Sagara	42589	42589	42589		
22/06/2017	Sagara	Idi	40750	34499	37500	
22/06/2017	Sagara	21696	19599	20500		
22/06/2017	Sagara	20090	18010	19050		
22/06/2017	Sagara	Gotu	10299	9369	9750	
29/06/2017	Sagara	Idi	38570	30589	35550	
29/06/2017	Sagara	19719	15169	17500		
29/06/2017	Sagara	17696	14584	15889		
29/06/2017	Sagara	Gotu	10299	9129	9699	
29/06/2017	Sagara	37889	35889	36500		
13/07/2017	Sagara	Idi	40510	33819	37100	
13/07/2017	Sagara	20299	14199	17100		
13/07/2017	Sagara	19680	17199	18300		
13/07/2017	Sagara	Gotu	10299	8199	9150	
17/07/2017	Sagara	Idi	46206	38610	44009	
17/07/2017	Sagara	29899	23299	25559		
17/07/2017	Sagara	21649	19699	20809		
17/07/2017	Sagara	Gotu	10999	6589	9999	
20/07/2017	Sagara	Idi	42350	29099	35600	
20/07/2017	Sagara	25199	17899	21400		
20/07/2017	Sagara	21200	18699	19900		
20/07/2017	Sagara	Gotu	10499	9729	10000	
24/07/2017	Sagara	Idi	42499	36099	39200	
24/07/2017	Sagara	19799	15659	17600		
24/07/2017	Sagara	21260	18399	19700		
24/07/2017	Sagara	Gotu	10299	9009	9600	
27/07/2017	Sagara	Idi	43699	36310	39900	
27/07/2017	Sagara	24619	21009	22800		
27/07/2017	Sagara	20820	18599	19600		
27/07/2017	Sagara	Gotu	10699	9259	9900	
31/07/2017	Sagara	Idi	44599	34899	39600	
31/07/2017	Sagara	25489	17199	21200		
31/07/2017	Sagara	21199	18609	19800		
31/07/2017	Sagara	Gotu	10719	10247	10400	
03/08/2017	Sagara	Idi	42310	35889	39099	
03/08/2017	Sagara	22889	15696	19200		
03/08/2017	Sagara	21280	18399	19700		
03/08/2017	Sagara	Gotu	10287	9899	10000	
07/08/2017	Sagara	Idi	41899	36019	38900	
07/08/2017	Sagara	22019	17179	19500		
07/08/2017	Sagara	20800	18099	19400		
07/08/2017	Sagara	Gotu	10269	10089	10100	
10/08/2017	Sagara	Idi	40899	36409	38600	
10/08/2017	Sagara	23589	15499	19400		
10/08/2017	Sagara	20690	17613	19100		
10/08/2017	Sagara	Gotu	10229	9159	9650	
14/08/2017	Sagara	Gotu	10449	9199	9700	
14/08/2017	Sagara	20009	18299	19100		
14/08/2017	Sagara	Idi	41899	34670	38200	
14/08/2017	Sagara	19499	15699	17500		
17/08/2017	Sagara	Idi	42710	36009	40500	
17/08/2017	Sagara	23589	15296	19100		
17/08/2017	Sagara	20400	18009	19100		
17/08/2017	Sagara	Gotu	10287	9699	9900	
21/08/2017	Sagara	Idi	42229	36299	39200	
21/08/2017	Sagara	20199	19569	19800		
21/08/2017	Sagara	20300	17599	18900		
21/08/2017	Sagara	Gotu	10299	9099	9600	
28/08/2017	Sagara	Idi	42109	39299	40600	
28/08/2017	Sagara	19689	17009	18300		
28/08/2017	Sagara	20270	18099	19100		
28/08/2017	Sagara	Gotu	10207	10207	10207	
31/08/2017	Sagara	Idi	41009	36499	38659	
31/08/2017	Sagara	22196	21489	21809		
31/08/2017	Sagara	20019	17299	19009		
31/08/2017	Sagara	Gotu	10169	9459	9889	
04/09/2017	Sagara	Idi	40099	34500	37200	
04/09/2017	Sagara	19699	19129	19300		
04/09/2017	Sagara	20319	19210	19700		
04/09/2017	Sagara	Gotu	10287	9389	9700	
08/09/2017	Sagara	Idi	39360	33229	36200	
08/09/2017	Sagara	23589	19229	21300		
08/09/2017	Sagara	19920	17599	18700		
08/09/2017	Sagara	Gotu	10689	9299	9900	
11/09/2017	Sagara	Idi	39399	36009	37600	
11/09/2017	Sagara	20699	13609	17100		
11/09/2017	Sagara	19600	17009	18300		
11/09/2017	Sagara	Gotu	10469	9599	9900	
14/09/2017	Sagara	Idi	38899	36299	37500	
14/09/2017	Sagara	22009	21669	21800		
14/09/2017	Sagara	19789	16699	18100		
14/09/2017	Sagara	Gotu	10399	9499	9800	
18/09/2017	Sagara	Idi	38510	35879	37100	
18/09/2017	Sagara	19819	17613	18700		
18/09/2017	Sagara	Gotu	9787	9639	9650	
21/09/2017	Sagara	Idi	38510	33059	35700	
21/09/2017	Sagara	21819	15319	18500		
21/09/2017	Sagara	19919	17513	18700		
21/09/2017	Sagara	Gotu	10429	9639	10000	
09/10/2017	Sagara	Idi	39199	34589	36800	
09/10/2017	Sagara	21699	16119	18800		
09/10/2017	Sagara	19759	17609	18600		
09/10/2017	Sagara	Gotu	10269	9369	9700	
16/10/2017	Sagara	Idi	39269	38009	38600	
16/10/2017	Sagara	19960	18409	19100		
16/10/2017	Sagara	Gotu	10179	9379	9700	
23/10/2017	Sagara	Idi	38409	33710	36000	
23/10/2017	Sagara	23019	18696	20800		
23/10/2017	Sagara	19929	18559	19200		
23/10/2017	Sagara	Gotu	9699	9699	9699	
26/10/2017	Sagara	Idi	37589	31499	34400	
26/10/2017	Sagara	23889	17229	20500		
26/10/2017	Sagara	19929	17299	18500		
26/10/2017	Sagara	Gotu	10129	9709	9900	
30/10/2017	Sagara	Idi	34800	28009	31400	
30/10/2017	Sagara	21696	14629	18100		
30/10/2017	Sagara	20129	19460	19700		
30/10/2017	Sagara	Gotu	10599	9896	10100	
02/11/2017	Sagara	Idi	34420	29009	31700	
02/11/2017	Sagara	20229	17699	18900		
02/11/2017	Sagara	Gotu	10625	9009	9800	
09/11/2017	Sagara	Idi	34899	28282	33209	
09/11/2017	Sagara	21809	16282	18699		
09/11/2017	Sagara	20629	19009	19100		
09/11/2017	Sagara	Gotu	10869	9689	10269	
13/11/2017	Sagara	Idi	36099	31699	34509	
13/11/2017	Sagara	20681	20101	20209		
13/11/2017	Sagara	21160	19299	20509		
13/11/2017	Sagara	Gotu	10869	9689	10209	
16/11/2017	Sagara	Idi	36199	34099	35409	
16/11/2017	Sagara	20681	16282	18609		
16/11/2017	Sagara	21329	20629	20909		
16/11/2017	Sagara	Gotu	11129	8099	10269	
20/11/2017	Sagara	Idi	36299	34699	35500	
20/11/2017	Sagara	20899	20899	20899		
20/11/2017	Sagara	21289	19399	20300		
20/11/2017	Sagara	Gotu	11349	11349	11349	
23/11/2017	Sagara	Idi	36059	30009	34500	
23/11/2017	Sagara	21699	17319	19000		
23/11/2017	Sagara	21389	20469	20900		
23/11/2017	Sagara	Gotu	11029	10509	10800	
27/11/2017	Sagara	Idi	36270	33529	35000	
27/11/2017	Sagara	23899	22819	24000		
27/11/2017	Sagara	21229	18599	19800		
27/11/2017	Sagara	Gotu	11169	8505	9800	
30/11/2017	Sagara	Idi	36199	31089	33500	
30/11/2017	Sagara	22699	22699	22699		
30/11/2017	Sagara	21469	20709	21000		
30/11/2017	Sagara	Gotu	11436	10639	11000	
04/12/2017	Sagara	Idi	36939	34349	35600	
04/12/2017	Sagara	23869	17379	20500		
04/12/2017	Sagara	21859	21160	21400		
04/12/2017	Sagara	Gotu	11499	10769	11000	
07/12/2017	Sagara	Idi	37469	36009	36700	
07/12/2017	Sagara	24299	24299	24299		
07/12/2017	Sagara	21259	20589	20800		
07/12/2017	Sagara	Gotu	11569	9489	10400	
11/12/2017	Sagara	Idi	37699	36810	37200	
11/12/2017	Sagara	21099	20299	20600		
11/12/2017	Sagara	21269	20599	20800		
11/12/2017	Sagara	Gotu	11689	10359	10900	
11/12/2017	Sagara	35889	35889	35889		
14/12/2017	Sagara	Idi	37059	34569	35700	
14/12/2017	Sagara	22879	22479	22600		
14/12/2017	Sagara	21060	19699	20300		
14/12/2017	Sagara	Gotu	11425	11305	11300	
18/12/2017	Sagara	Idi	37010	35699	36299	
18/12/2017	Sagara	24899	21469	23339		
18/12/2017	Sagara	21369	21010	21209		
18/12/2017	Sagara	Gotu	11659	11499	11569	
21/12/2017	Sagara	Idi	36889	32009	35500	
21/12/2017	Sagara	26379	26379	26379		
21/12/2017	Sagara	21709	19699	20900		
21/12/2017	Sagara	Gotu	11709	11299	11509	
28/12/2017	Sagara	Idi	36710	33889	35500	
28/12/2017	Sagara	21899	21399	21500		
28/12/2017	Sagara	21889	20229	21000		
28/12/2017	Sagara	Gotu	11909	10269	11100	
28/12/2017	Sagara	42589	42189	42300		
01/01/2018	Sagara	Idi	37519	34610	36200	
01/01/2018	Sagara	23999	18469	21200		
01/01/2018	Sagara	22415	20099	21200		
01/01/2018	Sagara	Gotu	11979	10269	11000	
04/01/2018	Sagara	Idi	37739	36609	37200	
04/01/2018	Sagara	23699	22399	23000		
04/01/2018	Sagara	22629	21009	21800		
04/01/2018	Sagara	Gotu	12059	10269	11200	
08/01/2018	Sagara	Idi	38199	37189	37600	
08/01/2018	Sagara	25379	21099	23200		
08/01/2018	Sagara	22609	20369	21500		
08/01/2018	Sagara	Gotu	12159	10421	11200	
08/01/2018	Sagara	40282	40282	40282		
11/01/2018	Sagara	Idi	37670	36549	37200	
11/01/2018	Sagara	24589	20769	22900		
11/01/2018	Sagara	22805	22739	22750		
11/01/2018	Sagara	Gotu	12389	10895	11500	
18/01/2018	Sagara	Idi	37229	33009	35600	
18/01/2018	Sagara	23809	20369	22500		
18/01/2018	Sagara	23609	21569	22800		
18/01/2018	Sagara	Gotu	12249	10419	11500	
22/01/2018	Sagara	Idi	37370	35609	37900	
22/01/2018	Sagara	25101	22121	24500		
22/01/2018	Sagara	23009	20889	22500		
22/01/2018	Sagara	Gotu	12249	11121	11800	
25/01/2018	Sagara	Idi	37331	32670	35500	
25/01/2018	Sagara	24899	21111	23500		
25/01/2018	Sagara	22629	21419	22000		
25/01/2018	Sagara	Gotu	12069	10399	11500	
29/01/2018	Sagara	Idi	36710	34111	35900	
29/01/2018	Sagara	24599	21319	23100		
29/01/2018	Sagara	21869	19169	20900		
29/01/2018	Sagara	Gotu	11829	8381	11200	
01/02/2018	Sagara	Idi	35911	33339	34800	
01/02/2018	Sagara	23289	18101	20900		
01/02/2018	Sagara	21599	20599	21100		
01/02/2018	Sagara	Gotu	11619	9429	10900	
05/02/2018	Sagara	Idi	36309	33459	35400	
05/02/2018	Sagara	23699	21499	22900		
05/02/2018	Sagara	20859	19899	20600		
05/02/2018	Sagara	Gotu	10786	10282	10500	
08/02/2018	Sagara	Idi	36991	35000	36500	
08/02/2018	Sagara	24869	19399	23900		
08/02/2018	Sagara	22050	20699	21200		
08/02/2018	Sagara	Gotu	11399	9919	11100	
12/02/2018	Sagara	Idi	36811	32111	35200	
12/02/2018	Sagara	24299	20801	23800		
12/02/2018	Sagara	22109	20699	21100		
12/02/2018	Sagara	Gotu	11529	9919	11100	
15/02/2018	Sagara	Idi	37021	35880	36500	
15/02/2018	Sagara	26211	20699	25600		
15/02/2018	Sagara	22028	20670	21800		
15/02/2018	Sagara	Gotu	11289	10087	10950	
19/02/2018	Sagara	Idi	36651	33221	33000	
19/02/2018	Sagara	23799	18889	23000		
19/02/2018	Sagara	21959	21269	21000		
19/02/2018	Sagara	Gotu	10569	10389	10000	
